experience_level,avg_duration_days,avg_published_days
junior,51.08695652173914,46.652173913043484
senior,37.853075170842786,34.214123006833731
mid,37.479747974797505,34.135913591359163